Label,Precision,Recall,F1 Score
Positive,0.7272727272727273,0.4897959183673469,0.5853658536585367
Negative,0.8611111111111112,0.9451219512195121,0.9011627906976744
