Precision,Recall,F1 Score
0.8888888888888888,0.8901569186875892,0.8895224518888095
0.9368852459016394,0.9361179361179361,0.9365014338385907
