Precision,Recall,F1 Score
0.9460294384880974,0.9303073624017155,0.938102531759618
0.9602649006622517,0.9694507303024069,0.9648359522956441
