Precision,Recall,F1 Score
0.8843537414965986,0.8599779492833517,0.8719955282280603
0.922890103217972,0.93711467324291,0.9299479963291526
