Precision,Recall,F1 Score
0.9037940379403794,0.8529411764705882,0.8776315789473683
0.948268106162843,0.9674162459843965,0.9577464788732394
