Precision,Recall,F1 Score
0.9302165692677896,0.9129554655870445,0.9215051932572791
0.9389349112426035,0.9513189448441247,0.9450863609291246
