Precision,Recall,F1 Score
0.83,0.8512820512820513,0.840506329113924
0.8473684210526315,0.8256410256410256,0.8363636363636364
